BruceHayes2007	syllabic	stress	long	consonantal	sonorant	continuant	delayed_release	approximant	tap	trill	nasal	voice	spread_gl	constr_gl	LABIAL	round	labiodental	CORONAL	anterior	distributed	strident	lateral	DORSAL	high	low	front	back	tense
ɒ	 1	-1	-1	-1	 1	 1	 0	 1	-1	-1	-1	 1	-1	-1	 1	 1	-1	-1	 0	 0	 0	-1	 1	-1	 1	-1	 1	 0
ɑ	 1	-1	-1	-1	 1	 1	 0	 1	-1	-1	-1	 1	-1	-1	-1	-1	-1	-1	 0	 0	 0	-1	 1	-1	 1	-1	 1	 0
ɶ	 1	-1	-1	-1	 1	 1	 0	 1	-1	-1	-1	 1	-1	-1	 1	 1	-1	-1	 0	 0	 0	-1	 1	-1	 1	 1	-1	 0
a	 1	-1	-1	-1	 1	 1	 0	 1	-1	-1	-1	 1	-1	-1	-1	-1	-1	-1	 0	 0	 0	-1	 1	-1	 1	-1	-1	 0
æ	 1	-1	-1	-1	 1	 1	 0	 1	-1	-1	-1	 1	-1	-1	-1	-1	-1	-1	 0	 0	 0	-1	 1	-1	 1	 1	-1	 0
ʌ	 1	-1	-1	-1	 1	 1	 0	 1	-1	-1	-1	 1	-1	-1	-1	-1	-1	-1	 0	 0	 0	-1	 1	-1	-1	-1	 1	-1
ɔ	 1	-1	-1	-1	 1	 1	 0	 1	-1	-1	-1	 1	-1	-1	 1	 1	-1	-1	 0	 0	 0	-1	 1	-1	-1	-1	 1	-1
o	 1	-1	-1	-1	 1	 1	 0	 1	-1	-1	-1	 1	-1	-1	 1	 1	-1	-1	 0	 0	 0	-1	 1	-1	-1	-1	 1	 1
ɤ	 1	-1	-1	-1	 1	 1	 0	 1	-1	-1	-1	 1	-1	-1	-1	-1	-1	-1	 0	 0	 0	-1	 1	-1	-1	-1	 1	 1
ɘ	 1	-1	-1	-1	 1	 1	 0	 1	-1	-1	-1	 1	-1	-1	-1	-1	-1	-1	 0	 0	 0	-1	 1	-1	-1	-1	-1	 1
œ	 1	-1	-1	-1	 1	 1	 0	 1	-1	-1	-1	 1	-1	-1	 1	 1	-1	-1	 0	 0	 0	-1	 1	-1	-1	 1	-1	-1
ə	 1	-1	-1	-1	 1	 1	 0	 1	-1	-1	-1	 1	-1	-1	-1	-1	-1	-1	 0	 0	 0	-1	 1	-1	-1	-1	-1	-1
e	 1	-1	-1	-1	 1	 1	 0	 1	-1	-1	-1	 1	-1	-1	-1	-1	-1	-1	 0	 0	 0	-1	 1	-1	-1	 1	-1	 1
ɞ	 1	-1	-1	-1	 1	 1	 0	 1	-1	-1	-1	 1	-1	-1	 1	 1	-1	-1	 0	 0	 0	-1	 1	-1	-1	-1	-1	-1
ø	 1	-1	-1	-1	 1	 1	 0	 1	-1	-1	-1	 1	-1	-1	 1	 1	-1	-1	 0	 0	 0	-1	 1	-1	-1	 1	-1	 1
ɛ	 1	-1	-1	-1	 1	 1	 0	 1	-1	-1	-1	 1	-1	-1	-1	-1	-1	-1	 0	 0	 0	-1	 1	-1	-1	 1	-1	-1
ɵ	 1	-1	-1	-1	 1	 1	 0	 1	-1	-1	-1	 1	-1	-1	 1	 1	-1	-1	 0	 0	 0	-1	 1	-1	-1	-1	-1	 1
ɯ	 1	-1	-1	-1	 1	 1	 0	 1	-1	-1	-1	 1	-1	-1	-1	-1	-1	-1	 0	 0	 0	-1	 1	 1	-1	-1	 1	 1
u	 1	-1	-1	-1	 1	 1	 0	 1	-1	-1	-1	 1	-1	-1	 1	 1	-1	-1	 0	 0	 0	-1	 1	 1	-1	-1	 1	 1
ʊ	 1	-1	-1	-1	 1	 1	 0	 1	-1	-1	-1	 1	-1	-1	 1	 1	-1	-1	 0	 0	 0	-1	 1	 1	-1	-1	 1	-1
ɨ	 1	-1	-1	-1	 1	 1	 0	 1	-1	-1	-1	 1	-1	-1	-1	-1	-1	-1	 0	 0	 0	-1	 1	 1	-1	-1	-1	 1
ʉ	 1	-1	-1	-1	 1	 1	 0	 1	-1	-1	-1	 1	-1	-1	 1	 1	-1	-1	 0	 0	 0	-1	 1	 1	-1	-1	-1	 1
y	 1	-1	-1	-1	 1	 1	 0	 1	-1	-1	-1	 1	-1	-1	 1	 1	-1	-1	 0	 0	 0	-1	 1	 1	-1	 1	-1	 1
i	 1	-1	-1	-1	 1	 1	 0	 1	-1	-1	-1	 1	-1	-1	-1	-1	-1	-1	 0	 0	 0	-1	 1	 1	-1	 1	-1	 1
ʏ	 1	-1	-1	-1	 1	 1	 0	 1	-1	-1	-1	 1	-1	-1	 1	 1	-1	-1	 0	 0	 0	-1	 1	 1	-1	 1	-1	-1
ɪ	 1	-1	-1	-1	 1	 1	 0	 1	-1	-1	-1	 1	-1	-1	-1	-1	-1	-1	 0	 0	 0	-1	 1	 1	-1	 1	-1	-1
ŋ̟	-1	-1	-1	 1	 1	-1	 0	-1	-1	-1	 1	 1	-1	-1	-1	-1	-1	-1	 0	 0	 0	-1	 1	 1	-1	 1	-1	 0
ʟ̟	-1	-1	-1	 1	 1	 1	 0	 1	-1	-1	-1	 1	-1	-1	-1	-1	-1	-1	 0	 0	 0	 1	 1	 1	-1	 1	-1	 0
ɫ	-1	-1	-1	 1	 1	 1	 0	 1	-1	-1	-1	 1	-1	-1	-1	-1	-1	 1	 1	-1	-1	 1	 1	-1	-1	-1	 1	 0
ɴ	-1	-1	-1	 1	 1	-1	 0	-1	-1	-1	 1	 1	-1	-1	-1	-1	-1	-1	 0	 0	 0	-1	 1	-1	-1	-1	 1	 0
ʀ	-1	-1	-1	 1	 1	 1	 0	 1	-1	 1	-1	 1	-1	-1	-1	-1	-1	-1	 0	 0	 0	-1	 1	-1	-1	-1	 1	 0
ɲ	-1	-1	-1	 1	 1	-1	 0	-1	-1	-1	 1	 1	-1	-1	-1	-1	-1	 1	-1	 1	-1	-1	 1	 1	-1	 1	-1	 0
ʎ	-1	-1	-1	 1	 1	 1	 0	 1	-1	-1	-1	 1	-1	-1	-1	-1	-1	 1	-1	 1	-1	 1	 1	 1	-1	 1	-1	 0
ŋ	-1	-1	-1	 1	 1	-1	 0	-1	-1	-1	 1	 1	-1	-1	-1	-1	-1	-1	 0	 0	 0	-1	 1	 1	-1	 0	 0	 0
ŋ̠	-1	-1	-1	 1	 1	-1	 0	-1	-1	-1	 1	 1	-1	-1	-1	-1	-1	-1	 0	 0	 0	-1	 1	 1	-1	-1	 1	 0
ʟ	-1	-1	-1	 1	 1	 1	 0	 1	-1	-1	-1	 1	-1	-1	-1	-1	-1	-1	 0	 0	 0	 1	 1	 1	-1	 0	 0	 0
ʟ̠	-1	-1	-1	 1	 1	 1	 0	 1	-1	-1	-1	 1	-1	-1	-1	-1	-1	-1	 0	 0	 0	 1	 1	 1	-1	-1	 1	 0
ɳ	-1	-1	-1	 1	 1	-1	 0	-1	-1	-1	 1	 1	-1	-1	-1	-1	-1	 1	-1	-1	-1	-1	-1	 0	 0	 0	 0	 0
ʙ	-1	-1	-1	 1	 1	 1	 0	 1	-1	 1	-1	 1	-1	-1	 1	-1	-1	-1	 0	 0	 0	-1	-1	 0	 0	 0	 0	 0
ɭ	-1	-1	-1	 1	 1	 1	 0	 1	-1	-1	-1	 1	-1	-1	-1	-1	-1	 1	-1	-1	-1	 1	-1	 0	 0	 0	 0	 0
ɺ	-1	-1	-1	 1	 1	 1	 0	 1	 1	-1	-1	 1	-1	-1	-1	-1	-1	 1	 1	-1	-1	 1	-1	 0	 0	 0	 0	 0
ɻ	-1	-1	-1	 1	 1	 1	 0	 1	-1	-1	-1	 1	-1	-1	-1	-1	-1	 1	-1	-1	-1	-1	-1	 0	 0	 0	 0	 0
ɽ	-1	-1	-1	 1	 1	 1	 0	 1	 1	-1	-1	 1	-1	-1	-1	-1	-1	 1	-1	-1	-1	-1	-1	 0	 0	 0	 0	 0
r	-1	-1	-1	 1	 1	 1	 0	 1	-1	 1	-1	 1	-1	-1	-1	-1	-1	 1	 1	-1	-1	-1	-1	 0	 0	 0	 0	 0
n	-1	-1	-1	 1	 1	-1	 0	-1	-1	-1	 1	 1	-1	-1	-1	-1	-1	 1	 1	-1	-1	-1	-1	 0	 0	 0	 0	 0
m	-1	-1	-1	 1	 1	-1	 0	-1	-1	-1	 1	 1	-1	-1	 1	-1	-1	-1	 0	 0	 0	-1	-1	 0	 0	 0	 0	 0
l	-1	-1	-1	 1	 1	 1	 0	 1	-1	-1	-1	 1	-1	-1	-1	-1	-1	 1	 1	-1	-1	 1	-1	 0	 0	 0	 0	 0
ɾ	-1	-1	-1	 1	 1	 1	 0	 1	 1	-1	-1	 1	-1	-1	-1	-1	-1	 1	 1	-1	-1	-1	-1	 0	 0	 0	 0	 0
ɱ	-1	-1	-1	 1	 1	-1	 0	-1	-1	-1	 1	 1	-1	-1	 1	-1	 1	-1	 0	 0	 0	-1	-1	 0	 0	 0	 0	 0
ʔ	-1	-1	-1	 1	-1	-1	-1	-1	-1	-1	-1	-1	-1	 1	-1	-1	-1	-1	 0	 0	 0	-1	-1	 0	 0	 0	 0	 0
ɣ̟	-1	-1	-1	 1	-1	 1	 1	-1	-1	-1	-1	 1	-1	-1	-1	-1	-1	-1	 0	 0	 0	-1	 1	 1	-1	 1	-1	 0
x̟	-1	-1	-1	 1	-1	 1	 1	-1	-1	-1	-1	-1	-1	-1	-1	-1	-1	-1	 0	 0	 0	-1	 1	 1	-1	 1	-1	 0
k̟	-1	-1	-1	 1	-1	-1	-1	-1	-1	-1	-1	-1	-1	-1	-1	-1	-1	-1	 0	 0	 0	-1	 1	 1	-1	 1	-1	 0
ɡ̟	-1	-1	-1	 1	-1	-1	-1	-1	-1	-1	-1	 1	-1	-1	-1	-1	-1	-1	 0	 0	 0	-1	 1	 1	-1	 1	-1	 0
k̟͡x̟	-1	-1	-1	 1	-1	-1	 1	-1	-1	-1	-1	-1	-1	-1	-1	-1	-1	-1	 0	 0	 0	-1	 1	 1	-1	 1	-1	 0
ɡ̟͡ɣ̟	-1	-1	-1	 1	-1	-1	 1	-1	-1	-1	-1	 1	-1	-1	-1	-1	-1	-1	 0	 0	 0	-1	 1	 1	-1	 1	-1	 0
ħ	-1	-1	-1	 1	-1	 1	 1	-1	-1	-1	-1	-1	-1	-1	-1	-1	-1	-1	 0	 0	 0	-1	 1	-1	 1	-1	 1	 0
ʕ	-1	-1	-1	 1	-1	 1	-1	-1	-1	-1	-1	 1	-1	-1	-1	-1	-1	-1	 0	 0	 0	-1	 1	-1	 1	-1	 1	 0
ʁ	-1	-1	-1	 1	-1	 1	 1	-1	-1	-1	-1	 1	-1	-1	-1	-1	-1	-1	 0	 0	 0	-1	 1	-1	-1	-1	 1	 0
q	-1	-1	-1	 1	-1	-1	-1	-1	-1	-1	-1	-1	-1	-1	-1	-1	-1	-1	 0	 0	 0	-1	 1	-1	-1	-1	 1	 0
χ	-1	-1	-1	 1	-1	 1	 1	-1	-1	-1	-1	-1	-1	-1	-1	-1	-1	-1	 0	 0	 0	-1	 1	-1	-1	-1	 1	 0
ɢ	-1	-1	-1	 1	-1	-1	-1	-1	-1	-1	-1	 1	-1	-1	-1	-1	-1	-1	 0	 0	 0	-1	 1	-1	-1	-1	 1	 0
ɕ	-1	-1	-1	 1	-1	 1	 1	-1	-1	-1	-1	-1	-1	-1	-1	-1	-1	 1	 1	 1	 1	-1	 1	 1	-1	 1	-1	 0
ɟ	-1	-1	-1	 1	-1	-1	-1	-1	-1	-1	-1	 1	-1	-1	-1	-1	-1	 1	-1	 1	-1	-1	 1	 1	-1	 1	-1	 0
ʝ	-1	-1	-1	 1	-1	 1	 1	-1	-1	-1	-1	 1	-1	-1	-1	-1	-1	 1	-1	 1	-1	-1	 1	 1	-1	 1	-1	 0
c	-1	-1	-1	 1	-1	-1	-1	-1	-1	-1	-1	-1	-1	-1	-1	-1	-1	 1	-1	 1	-1	-1	 1	 1	-1	 1	-1	 0
ç	-1	-1	-1	 1	-1	 1	 1	-1	-1	-1	-1	-1	-1	-1	-1	-1	-1	 1	-1	 1	-1	-1	 1	 1	-1	 1	-1	 0
d͡ʑ	-1	-1	-1	 1	-1	-1	 1	-1	-1	-1	-1	 1	-1	-1	-1	-1	-1	 1	 1	 1	 1	-1	 1	 1	-1	 1	-1	 0
t͡ɕ	-1	-1	-1	 1	-1	-1	 1	-1	-1	-1	-1	-1	-1	-1	-1	-1	-1	 1	 1	 1	 1	-1	 1	 1	-1	 1	-1	 0
ɣ	-1	-1	-1	 1	-1	 1	 1	-1	-1	-1	-1	 1	-1	-1	-1	-1	-1	-1	 0	 0	 0	-1	 1	 1	-1	 0	 0	 0
ɣ̠	-1	-1	-1	 1	-1	 1	 1	-1	-1	-1	-1	 1	-1	-1	-1	-1	-1	-1	 0	 0	 0	-1	 1	 1	-1	-1	 1	 0
x	-1	-1	-1	 1	-1	 1	 1	-1	-1	-1	-1	-1	-1	-1	-1	-1	-1	-1	 0	 0	 0	-1	 1	 1	-1	 0	 0	 0
x̠	-1	-1	-1	 1	-1	 1	 1	-1	-1	-1	-1	-1	-1	-1	-1	-1	-1	-1	 0	 0	 0	-1	 1	 1	-1	-1	 1	 0
k	-1	-1	-1	 1	-1	-1	-1	-1	-1	-1	-1	-1	-1	-1	-1	-1	-1	-1	 0	 0	 0	-1	 1	 1	-1	 0	 0	 0
k̠	-1	-1	-1	 1	-1	-1	-1	-1	-1	-1	-1	-1	-1	-1	-1	-1	-1	-1	 0	 0	 0	-1	 1	 1	-1	-1	 1	 0
ɡ	-1	-1	-1	 1	-1	-1	-1	-1	-1	-1	-1	 1	-1	-1	-1	-1	-1	-1	 0	 0	 0	-1	 1	 1	-1	 0	 0	 0
ɡ̠	-1	-1	-1	 1	-1	-1	-1	-1	-1	-1	-1	 1	-1	-1	-1	-1	-1	-1	 0	 0	 0	-1	 1	 1	-1	-1	 1	 0
ʑ	-1	-1	-1	 1	-1	 1	 1	-1	-1	-1	-1	 1	-1	-1	-1	-1	-1	 1	 1	 1	 1	-1	 1	 1	-1	 1	-1	 0
ʈ	-1	-1	-1	 1	-1	-1	-1	-1	-1	-1	-1	-1	-1	-1	-1	-1	-1	 1	-1	-1	-1	-1	-1	 0	 0	 0	 0	 0
ɖ	-1	-1	-1	 1	-1	-1	-1	-1	-1	-1	-1	 1	-1	-1	-1	-1	-1	 1	-1	-1	-1	-1	-1	 0	 0	 0	 0	 0
ɬ	-1	-1	-1	 1	-1	 1	 1	-1	-1	-1	-1	-1	-1	-1	-1	-1	-1	 1	 1	-1	-1	 1	-1	 0	 0	 0	 0	 0
ʐ	-1	-1	-1	 1	-1	 1	 1	-1	-1	-1	-1	 1	-1	-1	-1	-1	-1	 1	-1	-1	 1	-1	-1	 0	 0	 0	 0	 0
ɸ	-1	-1	-1	 1	-1	 1	 1	-1	-1	-1	-1	-1	-1	-1	 1	-1	-1	-1	 0	 0	 0	-1	-1	 0	 0	 0	 0	 0
ʂ	-1	-1	-1	 1	-1	 1	 1	-1	-1	-1	-1	-1	-1	-1	-1	-1	-1	 1	-1	-1	 1	-1	-1	 0	 0	 0	 0	 0
ʒ	-1	-1	-1	 1	-1	 1	 1	-1	-1	-1	-1	 1	-1	-1	-1	-1	-1	 1	-1	 1	 1	-1	-1	 0	 0	 0	 0	 0
z	-1	-1	-1	 1	-1	 1	 1	-1	-1	-1	-1	 1	-1	-1	-1	-1	-1	 1	 1	-1	 1	-1	-1	 0	 0	 0	 0	 0
v	-1	-1	-1	 1	-1	 1	 1	-1	-1	-1	-1	 1	-1	-1	 1	-1	 1	-1	 0	 0	 0	-1	-1	 0	 0	 0	 0	 0
t	-1	-1	-1	 1	-1	-1	-1	-1	-1	-1	-1	-1	-1	-1	-1	-1	-1	 1	 1	-1	-1	-1	-1	 0	 0	 0	 0	 0
ʃ	-1	-1	-1	 1	-1	 1	 1	-1	-1	-1	-1	-1	-1	-1	-1	-1	-1	 1	-1	 1	 1	-1	-1	 0	 0	 0	 0	 0
s	-1	-1	-1	 1	-1	 1	 1	-1	-1	-1	-1	-1	-1	-1	-1	-1	-1	 1	 1	-1	 1	-1	-1	 0	 0	 0	 0	 0
p	-1	-1	-1	 1	-1	-1	-1	-1	-1	-1	-1	-1	-1	-1	 1	-1	-1	-1	 0	 0	 0	-1	-1	 0	 0	 0	 0	 0
f	-1	-1	-1	 1	-1	 1	 1	-1	-1	-1	-1	-1	-1	-1	 1	-1	 1	-1	 0	 0	 0	-1	-1	 0	 0	 0	 0	 0
d	-1	-1	-1	 1	-1	-1	-1	-1	-1	-1	-1	 1	-1	-1	-1	-1	-1	 1	 1	-1	-1	-1	-1	 0	 0	 0	 0	 0
b	-1	-1	-1	 1	-1	-1	-1	-1	-1	-1	-1	 1	-1	-1	 1	-1	-1	-1	 0	 0	 0	-1	-1	 0	 0	 0	 0	 0
θ	-1	-1	-1	 1	-1	 1	 1	-1	-1	-1	-1	-1	-1	-1	-1	-1	-1	 1	 1	 1	-1	-1	-1	 0	 0	 0	 0	 0
ɮ	-1	-1	-1	 1	-1	 1	 1	-1	-1	-1	-1	 1	-1	-1	-1	-1	-1	 1	 1	-1	-1	 1	-1	 0	 0	 0	 0	 0
ð	-1	-1	-1	 1	-1	 1	 1	-1	-1	-1	-1	 1	-1	-1	-1	-1	-1	 1	 1	 1	-1	-1	-1	 0	 0	 0	 0	 0
β	-1	-1	-1	 1	-1	 1	 1	-1	-1	-1	-1	 1	-1	-1	 1	-1	-1	-1	 0	 0	 0	-1	-1	 0	 0	 0	 0	 0
d͡ʒ	-1	-1	-1	 1	-1	-1	 1	-1	-1	-1	-1	 1	-1	-1	-1	-1	-1	 1	-1	 1	 1	-1	-1	 0	 0	 0	 0	 0
d͡z	-1	-1	-1	 1	-1	-1	 1	-1	-1	-1	-1	 1	-1	-1	-1	-1	-1	 1	 1	-1	 1	-1	-1	 0	 0	 0	 0	 0
d͡ɮ	-1	-1	-1	 1	-1	-1	 1	-1	-1	-1	-1	 1	-1	-1	-1	-1	-1	 1	 1	-1	-1	 1	-1	 0	 0	 0	 0	 0
d̠͡ɮ̠	-1	-1	-1	 1	-1	-1	 1	-1	-1	-1	-1	 1	-1	-1	-1	-1	-1	 1	-1	 1	-1	 1	-1	 0	 0	 0	 0	 0
t͡ʃ	-1	-1	-1	 1	-1	-1	 1	-1	-1	-1	-1	-1	-1	-1	-1	-1	-1	 1	-1	 1	 1	-1	-1	 0	 0	 0	 0	 0
t̠͡ɬ̠	-1	-1	-1	 1	-1	-1	 1	-1	-1	-1	-1	-1	-1	-1	-1	-1	-1	 1	-1	 1	-1	 1	-1	 0	 0	 0	 0	 0
t͡s	-1	-1	-1	 1	-1	-1	 1	-1	-1	-1	-1	-1	-1	-1	-1	-1	-1	 1	 1	-1	 1	-1	-1	 0	 0	 0	 0	 0
t͡ɬ	-1	-1	-1	 1	-1	-1	 1	-1	-1	-1	-1	-1	-1	-1	-1	-1	-1	 1	 1	-1	-1	 1	-1	 0	 0	 0	 0	 0
t̪͡s̪	-1	-1	-1	 1	-1	-1	 1	-1	-1	-1	-1	-1	-1	-1	-1	-1	-1	 1	 1	 1	 1	-1	-1	 0	 0	 0	 0	 0
t̪͡ɬ̪	-1	-1	-1	 1	-1	-1	 1	-1	-1	-1	-1	-1	-1	-1	-1	-1	-1	 1	 1	 1	-1	 1	-1	 0	 0	 0	 0	 0
d̪͡z̪	-1	-1	-1	 1	-1	-1	 1	-1	-1	-1	-1	 1	-1	-1	-1	-1	-1	 1	 1	 1	 1	-1	-1	 0	 0	 0	 0	 0
d̪͡ɮ̪	-1	-1	-1	 1	-1	-1	 1	-1	-1	-1	-1	 1	-1	-1	-1	-1	-1	 1	 1	 1	-1	 1	-1	 0	 0	 0	 0	 0
ʈ͡ʂ	-1	-1	-1	 1	-1	-1	 1	-1	-1	-1	-1	-1	-1	-1	-1	-1	-1	 1	-1	-1	 1	-1	-1	 0	 0	 0	 0	 0
ɖ͡ʐ	-1	-1	-1	 1	-1	-1	 1	-1	-1	-1	-1	 1	-1	-1	-1	-1	-1	 1	-1	-1	 1	-1	-1	 0	 0	 0	 0	 0
p͡f	-1	-1	-1	 1	-1	-1	 1	-1	-1	-1	-1	-1	-1	-1	 1	-1	 1	-1	 0	 0	 0	-1	-1	 0	 0	 0	 0	 0
b͡v	-1	-1	-1	 1	-1	-1	 1	-1	-1	-1	-1	 1	-1	-1	 1	-1	 1	-1	 0	 0	 0	-1	-1	 0	 0	 0	 0	 0
p͡ɸ	-1	-1	-1	 1	-1	-1	 1	-1	-1	-1	-1	-1	-1	-1	 1	-1	-1	-1	 0	 0	 0	-1	-1	 0	 0	 0	 0	 0
b͡β	-1	-1	-1	 1	-1	-1	 1	-1	-1	-1	-1	 1	-1	-1	 1	-1	-1	-1	 0	 0	 0	-1	-1	 0	 0	 0	 0	 0
t̪͡θ	-1	-1	-1	 1	-1	-1	 1	-1	-1	-1	-1	-1	-1	-1	-1	-1	-1	 1	 1	 1	-1	-1	-1	 0	 0	 0	 0	 0
d̪͡ð	-1	-1	-1	 1	-1	-1	 1	-1	-1	-1	-1	 1	-1	-1	-1	-1	-1	 1	 1	 1	-1	-1	-1	 0	 0	 0	 0	 0
c͡ç	-1	-1	-1	 1	-1	-1	 1	-1	-1	-1	-1	-1	-1	-1	-1	-1	-1	 1	-1	 1	-1	-1	 1	 1	-1	 1	-1	 0
ɟ͡ʝ	-1	-1	-1	 1	-1	-1	 1	-1	-1	-1	-1	 1	-1	-1	-1	-1	-1	 1	-1	 1	-1	-1	 1	 1	-1	 1	-1	 0
k͡x	-1	-1	-1	 1	-1	-1	 1	-1	-1	-1	-1	-1	-1	-1	-1	-1	-1	-1	 0	 0	 0	-1	 1	 1	-1	 0	 0	 0
k̠͡x̠	-1	-1	-1	 1	-1	-1	 1	-1	-1	-1	-1	-1	-1	-1	-1	-1	-1	-1	 0	 0	 0	-1	 1	 1	-1	-1	 1	 0
ɡ͡ɣ	-1	-1	-1	 1	-1	-1	 1	-1	-1	-1	-1	 1	-1	-1	-1	-1	-1	-1	 0	 0	 0	-1	 1	 1	-1	 0	 0	 0
ɡ̠͡ɣ̠	-1	-1	-1	 1	-1	-1	 1	-1	-1	-1	-1	 1	-1	-1	-1	-1	-1	-1	 0	 0	 0	-1	 1	 1	-1	-1	 1	 0
q͡χ	-1	-1	-1	 1	-1	-1	 1	-1	-1	-1	-1	-1	-1	-1	-1	-1	-1	-1	 0	 0	 0	-1	 1	-1	-1	-1	 1	 0
ɢ͡ʁ	-1	-1	-1	 1	-1	-1	 1	-1	-1	-1	-1	 1	-1	-1	-1	-1	-1	-1	 0	 0	 0	-1	 1	-1	-1	-1	 1	 0
ɧ	-1	-1	-1	 1	-1	 1	 1	-1	-1	-1	-1	-1	-1	-1	-1	-1	-1	 1	-1	 1	 1	-1	 1	 1	-1	 0	 0	 0
k͡p	-1	-1	-1	 1	-1	-1	-1	-1	-1	-1	-1	-1	-1	-1	 1	-1	-1	-1	 0	 0	 0	-1	 1	 1	-1	 0	 0	 0
ɡ͡b	-1	-1	-1	 1	-1	-1	-1	-1	-1	-1	-1	 1	-1	-1	 1	-1	-1	-1	 0	 0	 0	-1	 1	 1	-1	 0	 0	 0
p͡t	-1	-1	-1	 1	-1	-1	-1	-1	-1	-1	-1	-1	-1	-1	 1	-1	-1	 1	 1	-1	 1	-1	-1	 0	 0	 0	 0	 0
b͡d	-1	-1	-1	 1	-1	-1	-1	-1	-1	-1	-1	 1	-1	-1	 1	-1	-1	 1	 1	-1	 1	-1	-1	 0	 0	 0	 0	 0
ɰ	-1	-1	-1	-1	 1	 1	 0	 1	-1	-1	-1	 1	-1	-1	-1	-1	-1	-1	 0	 0	 0	-1	 1	 1	-1	 0	 0	 1
ɰ̠	-1	-1	-1	-1	 1	 1	 0	 1	-1	-1	-1	 1	-1	-1	-1	-1	-1	-1	 0	 0	 0	-1	 1	 1	-1	-1	 1	 1
w	-1	-1	-1	-1	 1	 1	 0	 1	-1	-1	-1	 1	-1	-1	 1	 1	-1	-1	 0	 0	 0	-1	 1	 1	-1	-1	 1	 1
ɥ	-1	-1	-1	-1	 1	 1	 0	 1	-1	-1	-1	 1	-1	-1	 1	 1	-1	-1	 0	 0	 0	-1	 1	 1	-1	 1	-1	 1
j	-1	-1	-1	-1	 1	 1	 0	 1	-1	-1	-1	 1	-1	-1	-1	-1	-1	-1	 0	 0	 0	-1	 1	 1	-1	 1	-1	 1
ɹ	-1	-1	-1	-1	 1	 1	 0	 1	-1	-1	-1	 1	-1	-1	-1	-1	-1	 1	-1	 1	-1	-1	-1	 0	 0	 0	 0	 0
ʋ	-1	-1	-1	-1	 1	 1	 0	 1	-1	-1	-1	 1	-1	-1	 1	-1	 1	-1	 0	 0	 0	-1	-1	 0	 0	 0	 0	 0
ʍ	-1	-1	-1	-1	-1	 1	 1	-1	-1	-1	-1	-1	 1	-1	 1	 1	-1	-1	 0	 0	 0	-1	 1	 1	-1	-1	 1	 1
ɦ	-1	-1	-1	-1	-1	 1	 1	-1	-1	-1	-1	 1	 1	-1	-1	-1	-1	-1	 0	 0	 0	-1	-1	 0	 0	 0	 0	 0
h	-1	-1	-1	-1	-1	 1	 1	-1	-1	-1	-1	-1	 1	-1	-1	-1	-1	-1	 0	 0	 0	-1	-1	 0	 0	 0	 0	 0
m̩	 1	-1	-1	 1	 1	-1	 0	-1	-1	-1	 1	 1	-1	-1	 1	-1	-1	-1	 0	 0	 0	-1	-1	 0	 0	 0	 0	 0
n̩	 1	-1	-1	 1	 1	-1	 0	-1	-1	-1	 1	 1	-1	-1	-1	-1	-1	 1	 1	-1	-1	-1	-1	 0	 0	 0	 0	 0
ɾ̃	-1	-1	-1	 1	 1	 1	 0	 1	 1	-1	 1	 1	-1	-1	-1	-1	-1	 1	 1	-1	-1	-1	-1	 0	 0	 0	 0	 0
l̩	 1	-1	-1	 1	 1	 1	 0	 1	-1	-1	-1	 1	-1	-1	-1	-1	-1	 1	 1	-1	-1	 1	-1	 0	 0	 0	 0	 0
ŋ̩	 1	-1	-1	 1	 1	-1	 0	-1	-1	-1	 1	 1	-1	-1	-1	-1	-1	-1	 0	 0	 0	-1	 1	 1	-1	 0	 0	 0
ɪ̈	 1	-1	-1	-1	 1	 1	 0	 1	-1	-1	-1	 1	-1	-1	-1	-1	-1	-1	 0	 0	 0	-1	 1	 1	-1	-1	-1	-1
ə̥	 1	-1	-1	-1	 1	 1	 0	 1	-1	-1	-1	-1	-1	-1	-1	-1	-1	-1	 0	 0	 0	-1	 1	-1	-1	-1	-1	 0
ə˞	 1	-1	-1	 1	 1	 1	 0	 1	-1	-1	-1	 1	-1	-1	-1	-1	-1	 1	-1	-1	-1	-1	 1	-1	-1	-1	-1	 0
ɘ˞	 1	-1	-1	 1	 1	 1	 0	 1	-1	-1	-1	 1	-1	-1	-1	-1	-1	 1	-1	-1	-1	-1	 1	-1	-1	-1	-1	 1
pʰ	-1	-1	-1	 1	-1	-1	-1	-1	-1	-1	-1	-1	 1	-1	 1	-1	-1	-1	 0	 0	 0	-1	-1	 0	 0	 0	 0	 0
p͡fʰ	-1	-1	-1	 1	-1	-1	 1	-1	-1	-1	-1	-1	 1	-1	 1	-1	 1	-1	 0	 0	 0	-1	-1	 0	 0	 0	 0	 0
t͡sʰ	-1	-1	-1	 1	-1	-1	 1	-1	-1	-1	-1	-1	 1	-1	-1	-1	-1	 1	 1	-1	 1	-1	-1	 0	 0	 0	 0	 0
t͡ɕʰ	-1	-1	-1	 1	-1	-1	 1	-1	-1	-1	-1	-1	 1	-1	-1	-1	-1	 1	 1	 1	 1	-1	 1	 1	-1	 1	-1	 0
tʰ	-1	-1	-1	 1	-1	-1	-1	-1	-1	-1	-1	-1	 1	-1	-1	-1	-1	 1	 1	-1	-1	-1	-1	 0	 0	 0	 0	 0
ȵ	-1	-1	-1	 1	 1	-1	 0	-1	-1	-1	 1	 1	-1	-1	-1	-1	-1	 1	 1	 1	-1	-1	 1	 1	-1	 1	-1	 0
kʰ	-1	-1	-1	 1	-1	-1	-1	-1	-1	-1	-1	-1	 1	-1	-1	-1	-1	-1	 0	 0	 0	-1	 1	 1	-1	 0	 0	 0
ɿ	 1	-1	-1	 1	-1	 1	 1	-1	-1	-1	-1	 1	-1	-1	-1	-1	-1	 1	 1	-1	 1	-1	 1	 1	-1	-1	-1	 1
ɿ̙	 1	-1	-1	 1	-1	 1	 1	-1	-1	-1	-1	 1	-1	-1	-1	-1	-1	 1	 1	-1	 1	-1	 1	 1	-1	-1	-1	-1
ũ	 1	-1	-1	-1	 1	 1	 0	 1	-1	-1	 1	 1	-1	-1	 1	 1	-1	-1	 0	 0	 0	-1	 1	 1	-1	-1	 1	 1
õ	 1	-1	-1	-1	 1	 1	 0	 1	-1	-1	 1	 1	-1	-1	 1	 1	-1	-1	 0	 0	 0	-1	 1	-1	-1	-1	 1	 1
a̙	 1	-1	-1	-1	 1	 1	 0	 1	-1	-1	-1	 1	-1	-1	-1	-1	-1	-1	 0	 0	 0	-1	 1	-1	 1	-1	-1	-1
i̙	 1	-1	-1	-1	 1	 1	 0	 1	-1	-1	-1	 1	-1	-1	-1	-1	-1	-1	 0	 0	 0	-1	 1	 1	-1	 1	-1	-1
ĩ	 1	-1	-1	-1	 1	 1	 0	 1	-1	-1	 1	 1	-1	-1	-1	-1	-1	-1	 0	 0	 0	-1	 1	 1	-1	 1	-1	 1
ã̙	 1	-1	-1	-1	 1	 1	 0	 1	-1	-1	 1	 1	-1	-1	-1	-1	-1	-1	 0	 0	 0	-1	 1	-1	 1	-1	-1	-1
ɨ̪	 1	-1	-1	 1	-1	 1	 1	-1	-1	-1	-1	 1	-1	-1	 1	-1	 1	-1	 0	 0	 0	-1	 1	 1	-1	-1	-1	 1
ɨ̪̙	 1	-1	-1	 1	-1	 1	 1	-1	-1	-1	-1	 1	-1	-1	 1	-1	 1	-1	 0	 0	 0	-1	 1	 1	-1	-1	-1	-1
ɯ̙	 1	-1	-1	-1	 1	 1	 0	 1	-1	-1	-1	 1	-1	-1	-1	-1	-1	-1	 0	 0	 0	-1	 1	 1	-1	-1	 1	-1
ɯ̃	 1	-1	-1	-1	 1	 1	 0	 1	-1	-1	 1	 1	-1	-1	-1	-1	-1	-1	 0	 0	 0	-1	 1	 1	-1	-1	 1	 1
ɤ̙	 1	-1	-1	-1	 1	 1	 0	 1	-1	-1	-1	 1	-1	-1	-1	-1	-1	-1	 0	 0	 0	-1	 1	-1	-1	-1	 1	-1
u̙	 1	-1	-1	-1	 1	 1	 0	 1	-1	-1	-1	 1	-1	-1	 1	 1	-1	-1	 0	 0	 0	-1	 1	 1	-1	-1	 1	-1
(.)	-1	-1	 1	-1	-1	 1	 0	-1	-1	-1	 1	-1	 1	-1	-1	-1	-1	-1	 0	 0	 0	-1	-1	 0	 0	 0	 0	 0
aː	 1	-1	 1	-1	 1	 1	 0	 1	-1	-1	-1	 1	-1	-1	-1	-1	-1	-1	 0	 0	 0	-1	 1	-1	 1	-1	-1	 0
ɛː	 1	-1	 1	-1	 1	 1	 0	 1	-1	-1	-1	 1	-1	-1	-1	-1	-1	-1	 0	 0	 0	-1	 1	-1	-1	 1	-1	-1
iː	 1	-1	 1	-1	 1	 1	 0	 1	-1	-1	-1	 1	-1	-1	-1	-1	-1	-1	 0	 0	 0	-1	 1	 1	-1	 1	-1	 1
oː	 1	-1	 1	-1	 1	 1	 0	 1	-1	-1	-1	 1	-1	-1	 1	 1	-1	-1	 0	 0	 0	-1	 1	-1	-1	-1	 1	 1
uː	 1	-1	 1	-1	 1	 1	 0	 1	-1	-1	-1	 1	-1	-1	 1	 1	-1	-1	 0	 0	 0	-1	 1	 1	-1	-1	 1	 1
r̝	-1	-1	-1	 1	-1	 1	 1	-1	-1	 1	-1	 1	-1	-1	-1	-1	-1	 1	 1	 1	 1	-1	-1	 0	 0	 0	 0	 0
a̘	 1	-1	-1	-1	 1	 1	 0	 1	-1	-1	-1	 1	-1	-1	-1	-1	-1	-1	 0	 0	 0	-1	 1	-1	 1	-1	-1	 1
ã̘	 1	-1	-1	-1	 1	 1	 0	 1	-1	-1	 1	 1	-1	-1	-1	-1	-1	-1	 0	 0	 0	-1	 1	-1	 1	-1	-1	 1
ɑ̘	 1	-1	-1	-1	 1	 1	 0	 1	-1	-1	-1	 1	-1	-1	-1	-1	-1	-1	 0	 0	 0	-1	 1	-1	 1	-1	 1	 1
ã	 1	-1	-1	-1	 1	 1	 0	 1	-1	-1	 1	 1	-1	-1	-1	-1	-1	-1	 0	 0	 0	-1	 1	-1	 1	-1	-1	 0
m̥	-1	-1	-1	 1	 1	-1	 0	-1	-1	-1	 1	-1	-1	-1	 1	-1	-1	-1	 0	 0	 0	-1	-1	 0	 0	 0	 0	 0
n̥	-1	-1	-1	 1	 1	-1	 0	-1	-1	-1	 1	-1	-1	-1	-1	-1	-1	 1	 1	-1	-1	-1	-1	 0	 0	 0	 0	 0
l̥	-1	-1	-1	 1	 1	 1	 0	 1	-1	-1	-1	-1	-1	-1	-1	-1	-1	 1	 1	-1	-1	 1	-1	 0	 0	 0	 0	 0
ɲ̥	-1	-1	-1	 1	 1	-1	 0	-1	-1	-1	 1	-1	-1	-1	-1	-1	-1	 1	-1	 1	-1	-1	 1	 1	-1	 1	-1	 0
ʁ̥	-1	-1	-1	 1	-1	 1	 1	-1	-1	-1	-1	-1	-1	-1	-1	-1	-1	-1	 0	 0	 0	-1	 1	-1	-1	-1	 1	 0
j̥	-1	-1	-1	-1	 1	 1	 0	 1	-1	-1	-1	-1	-1	-1	-1	-1	-1	-1	 0	 0	 0	-1	 1	 1	-1	 1	-1	 1
ŋ̥	-1	-1	-1	 1	 1	-1	 0	-1	-1	-1	 1	-1	-1	-1	-1	-1	-1	-1	 0	 0	 0	-1	 1	 1	-1	-1	 1	 0
t͡sʼ	-1	-1	-1	 1	-1	-1	 1	-1	-1	-1	-1	-1	-1	 1	-1	-1	-1	 1	 1	-1	 1	-1	-1	 0	 0	 0	 0	 0
t͡ʃʼ	-1	-1	-1	 1	-1	-1	 1	-1	-1	-1	-1	-1	-1	 1	-1	-1	-1	 1	-1	 1	 1	-1	-1	 0	 0	 0	 0	 0
ʔʲ	-1	-1	-1	 1	-1	-1	-1	-1	-1	-1	-1	-1	-1	 1	-1	-1	-1	-1	 0	 0	 0	-1	 1	 1	-1	 1	-1	 0
kʲʼ	-1	-1	-1	 1	-1	-1	-1	-1	-1	-1	-1	-1	-1	 1	-1	-1	-1	-1	 0	 0	 0	-1	 1	 1	-1	 1	-1	 0
kʼ	-1	-1	-1	 1	-1	-1	-1	-1	-1	-1	-1	-1	-1	 1	-1	-1	-1	-1	 0	 0	 0	-1	 1	 1	-1	 0	 0	 0
kʷ	-1	-1	-1	 1	-1	-1	-1	-1	-1	-1	-1	-1	-1	-1	 1	 1	-1	-1	 0	 0	 0	-1	 1	 1	-1	 0	 0	 0
kʷʼ	-1	-1	-1	 1	-1	-1	-1	-1	-1	-1	-1	-1	-1	 1	 1	 1	-1	-1	 0	 0	 0	-1	 1	 1	-1	 0	 0	 0
ɡʷ	-1	-1	-1	 1	-1	-1	-1	-1	-1	-1	-1	 1	-1	-1	 1	 1	-1	-1	 0	 0	 0	-1	 1	 1	-1	 0	 0	 0
ⱱ	-1	-1	-1	 1	 1	 1	 0	 1	 1	-1	-1	 1	-1	-1	 1	-1	 1	-1	 0	 0	 0	-1	-1	 0	 0	 0	 0	 0
ĩː	 1	-1	 1	-1	 1	 1	 0	 1	-1	-1	 1	 1	-1	-1	-1	-1	-1	-1	 0	 0	 0	-1	 1	 1	-1	 1	-1	 1
ɛ̃	 1	-1	-1	-1	 1	 1	 0	 1	-1	-1	 1	 1	-1	-1	-1	-1	-1	-1	 0	 0	 0	-1	 1	-1	-1	 1	-1	-1
ɨː	 1	-1	 1	-1	 1	 1	 0	 1	-1	-1	-1	 1	-1	-1	-1	-1	-1	-1	 0	 0	 0	-1	 1	 1	-1	-1	-1	 1
ɨ̃	 1	-1	-1	-1	 1	 1	 0	 1	-1	-1	 1	 1	-1	-1	-1	-1	-1	-1	 0	 0	 0	-1	 1	 1	-1	-1	-1	 1
ɔː	 1	-1	 1	-1	 1	 1	 0	 1	-1	-1	-1	 1	-1	-1	 1	 1	-1	-1	 0	 0	 0	-1	 1	-1	-1	-1	 1	-1
ɔ̃	 1	-1	-1	-1	 1	 1	 0	 1	-1	-1	 1	 1	-1	-1	 1	 1	-1	-1	 0	 0	 0	-1	 1	-1	-1	-1	 1	-1
ɓ	-1	-1	-1	 1	-1	-1	-1	-1	-1	-1	-1	 1	-1	 1	 1	-1	-1	-1	 0	 0	 0	-1	-1	 0	 0	 0	 0	 0
ɗ	-1	-1	-1	 1	-1	-1	-1	-1	-1	-1	-1	 1	-1	 1	-1	-1	-1	 1	 1	-1	-1	-1	-1	 0	 0	 0	 0	 0
ɠ	-1	-1	-1	 1	-1	-1	-1	-1	-1	-1	-1	 1	-1	 1	-1	-1	-1	-1	 0	 0	 0	-1	 1	 1	-1	 0	 0	 0
ʛ	-1	-1	-1	 1	-1	-1	-1	-1	-1	-1	-1	 1	-1	 1	-1	-1	-1	-1	 0	 0	 0	-1	 1	-1	-1	-1	 1	 0
ʄ	-1	-1	-1	 1	-1	-1	-1	-1	-1	-1	-1	 1	-1	 1	-1	-1	-1	 1	-1	 1	-1	-1	 1	 1	-1	 1	-1	 0
t͡ʃʰ	-1	-1	-1	 1	-1	-1	 1	-1	-1	-1	-1	-1	 1	-1	-1	-1	-1	 1	-1	 1	 1	-1	-1	 0	 0	 0	 0	 0
v̩	 1	-1	-1	 1	-1	 1	 1	-1	-1	-1	-1	 1	-1	-1	 1	-1	 1	-1	 0	 0	 0	-1	-1	 0	 0	 0	 0	 0
d̪	-1	-1	-1	 1	-1	-1	-1	-1	-1	-1	-1	 1	-1	-1	-1	-1	-1	 1	 1	 1	-1	-1	-1	 0	 0	 0	 0	 0
l̪	-1	-1	-1	 1	 1	 1	 0	 1	-1	-1	-1	 1	-1	-1	-1	-1	-1	 1	 1	 1	-1	 1	-1	 0	 0	 0	 0	 0
n̪	-1	-1	-1	 1	 1	-1	 0	-1	-1	-1	 1	 1	-1	-1	-1	-1	-1	 1	 1	 1	-1	-1	-1	 0	 0	 0	 0	 0
r̪	-1	-1	-1	 1	 1	 1	 0	 1	-1	 1	-1	 1	-1	-1	-1	-1	-1	 1	 1	 1	-1	-1	-1	 0	 0	 0	 0	 0
s̪	-1	-1	-1	 1	-1	 1	 1	-1	-1	-1	-1	-1	-1	-1	-1	-1	-1	 1	 1	 1	 1	-1	-1	 0	 0	 0	 0	 0
t̪	-1	-1	-1	 1	-1	-1	-1	-1	-1	-1	-1	-1	-1	-1	-1	-1	-1	 1	 1	 1	-1	-1	-1	 0	 0	 0	 0	 0
z̪	-1	-1	-1	 1	-1	 1	 1	-1	-1	-1	-1	 1	-1	-1	-1	-1	-1	 1	 1	 1	 1	-1	-1	 0	 0	 0	 0	 0
bː	-1	-1	 1	 1	-1	-1	-1	-1	-1	-1	-1	 1	-1	-1	 1	-1	-1	-1	 0	 0	 0	-1	-1	 0	 0	 0	 0	 0
ɟ͡ʝː	-1	-1	 1	 1	-1	-1	 1	-1	-1	-1	-1	 1	-1	-1	-1	-1	-1	 1	-1	 1	-1	-1	 1	 1	-1	 1	-1	 0
eː	 1	-1	 1	-1	 1	 1	 0	 1	-1	-1	-1	 1	-1	-1	-1	-1	-1	-1	 0	 0	 0	-1	 1	-1	-1	 1	-1	 1
ɲː	-1	-1	 1	 1	 1	-1	 0	-1	-1	-1	 1	 1	-1	-1	-1	-1	-1	 1	-1	 1	-1	-1	 1	 1	-1	 1	-1	 0
jː	-1	-1	 1	-1	 1	 1	 0	 1	-1	-1	-1	 1	-1	-1	-1	-1	-1	-1	 0	 0	 0	-1	 1	 1	-1	 1	-1	 1
kː	-1	-1	 1	 1	-1	-1	-1	-1	-1	-1	-1	-1	-1	-1	-1	-1	-1	-1	 0	 0	 0	-1	 1	 1	-1	 0	 0	 0
l̪ː	-1	-1	 1	 1	 1	 1	 0	 1	-1	-1	-1	 1	-1	-1	-1	-1	-1	 1	 1	 1	-1	 1	-1	 0	 0	 0	 0	 0
mː	-1	-1	 1	 1	 1	-1	 0	-1	-1	-1	 1	 1	-1	-1	 1	-1	-1	-1	 0	 0	 0	-1	-1	 0	 0	 0	 0	 0
n̪ː	-1	-1	 1	 1	 1	-1	 0	-1	-1	-1	 1	 1	-1	-1	-1	-1	-1	 1	 1	 1	-1	-1	-1	 0	 0	 0	 0	 0
r̪ː	-1	-1	 1	 1	 1	 1	 0	 1	-1	 1	-1	 1	-1	-1	-1	-1	-1	 1	 1	 1	-1	-1	-1	 0	 0	 0	 0	 0
ʃː	-1	-1	 1	 1	-1	 1	 1	-1	-1	-1	-1	-1	-1	-1	-1	-1	-1	 1	-1	 1	 1	-1	-1	 0	 0	 0	 0	 0
s̪ː	-1	-1	 1	 1	-1	 1	 1	-1	-1	-1	-1	-1	-1	-1	-1	-1	-1	 1	 1	 1	 1	-1	-1	 0	 0	 0	 0	 0
t̪ː	-1	-1	 1	 1	-1	-1	-1	-1	-1	-1	-1	-1	-1	-1	-1	-1	-1	 1	 1	 1	-1	-1	-1	 0	 0	 0	 0	 0
t͡ʃː	-1	-1	 1	 1	-1	-1	 1	-1	-1	-1	-1	-1	-1	-1	-1	-1	-1	 1	-1	 1	 1	-1	-1	 0	 0	 0	 0	 0
t̪͡s̪ː	-1	-1	 1	 1	-1	-1	 1	-1	-1	-1	-1	-1	-1	-1	-1	-1	-1	 1	 1	 1	 1	-1	-1	 0	 0	 0	 0	 0
c͡çː	-1	-1	 1	 1	-1	-1	 1	-1	-1	-1	-1	-1	-1	-1	-1	-1	-1	 1	-1	 1	-1	-1	 1	 1	-1	 1	-1	 0
yː	 1	-1	 1	-1	 1	 1	 0	 1	-1	-1	-1	 1	-1	-1	 1	 1	-1	-1	 0	 0	 0	-1	 1	 1	-1	 1	-1	 1
z̪ː	-1	-1	 1	 1	-1	 1	 1	-1	-1	-1	-1	 1	-1	-1	-1	-1	-1	 1	 1	 1	 1	-1	-1	 0	 0	 0	 0	 0
øː	 1	-1	 1	-1	 1	 1	 0	 1	-1	-1	-1	 1	-1	-1	 1	 1	-1	-1	 0	 0	 0	-1	 1	-1	-1	 1	-1	 1
ɕː	-1	-1	 1	 1	-1	 1	 1	-1	-1	-1	-1	-1	-1	-1	-1	-1	-1	 1	 1	 1	 1	-1	 1	 1	-1	 1	-1	 0
bʲ	-1	-1	-1	 1	-1	-1	-1	-1	-1	-1	-1	 1	-1	-1	 1	-1	-1	-1	 0	 0	 0	-1	 1	 1	-1	 1	-1	 0
d̪ʲ	-1	-1	-1	 1	-1	-1	-1	-1	-1	-1	-1	 1	-1	-1	-1	-1	-1	 1	 1	 1	-1	-1	 1	 1	-1	 1	-1	 0
fʲ	-1	-1	-1	 1	-1	 1	 1	-1	-1	-1	-1	-1	-1	-1	 1	-1	 1	-1	 0	 0	 0	-1	 1	 1	-1	 1	-1	 0
ɡʲ	-1	-1	-1	 1	-1	-1	-1	-1	-1	-1	-1	 1	-1	-1	-1	-1	-1	-1	 0	 0	 0	-1	 1	 1	-1	 1	-1	 0
kʲ	-1	-1	-1	 1	-1	-1	-1	-1	-1	-1	-1	-1	-1	-1	-1	-1	-1	-1	 0	 0	 0	-1	 1	 1	-1	 1	-1	 0
l̪ʲ	-1	-1	-1	 1	 1	 1	 0	 1	-1	-1	-1	 1	-1	-1	-1	-1	-1	 1	 1	 1	-1	 1	 1	 1	-1	 1	-1	 0
mʲ	-1	-1	-1	 1	 1	-1	 0	-1	-1	-1	 1	 1	-1	-1	 1	-1	-1	-1	 0	 0	 0	-1	 1	 1	-1	 1	-1	 0
n̪ʲ	-1	-1	-1	 1	 1	-1	 0	-1	-1	-1	 1	 1	-1	-1	-1	-1	-1	 1	 1	 1	-1	-1	 1	 1	-1	 1	-1	 0
pʲ	-1	-1	-1	 1	-1	-1	-1	-1	-1	-1	-1	-1	-1	-1	 1	-1	-1	-1	 0	 0	 0	-1	 1	 1	-1	 1	-1	 0
r̪ʲ	-1	-1	-1	 1	 1	 1	 0	 1	-1	 1	-1	 1	-1	-1	-1	-1	-1	 1	 1	 1	-1	-1	 1	 1	-1	 1	-1	 0
s̪ʲ	-1	-1	-1	 1	-1	 1	 1	-1	-1	-1	-1	-1	-1	-1	-1	-1	-1	 1	 1	 1	 1	-1	 1	 1	-1	 1	-1	 0
t̪ʲ	-1	-1	-1	 1	-1	-1	-1	-1	-1	-1	-1	-1	-1	-1	-1	-1	-1	 1	 1	 1	-1	-1	 1	 1	-1	 1	-1	 0
vʲ	-1	-1	-1	 1	-1	 1	 1	-1	-1	-1	-1	 1	-1	-1	 1	-1	 1	-1	 0	 0	 0	-1	 1	 1	-1	 1	-1	 0
xʲ	-1	-1	-1	 1	-1	 1	 1	-1	-1	-1	-1	-1	-1	-1	-1	-1	-1	-1	 0	 0	 0	-1	 1	 1	-1	 1	-1	 0
z̪ʲ	-1	-1	-1	 1	-1	 1	 1	-1	-1	-1	-1	 1	-1	-1	-1	-1	-1	 1	 1	 1	 1	-1	 1	 1	-1	 1	-1	 0
l̪ˠ	-1	-1	-1	 1	 1	 1	 0	 1	-1	-1	-1	 1	-1	-1	-1	-1	-1	 1	 1	 1	-1	 1	 1	 1	-1	-1	 1	 0
ʃˠ	-1	-1	-1	 1	-1	 1	 1	-1	-1	-1	-1	-1	-1	-1	-1	-1	-1	 1	-1	 1	 1	-1	 1	 1	-1	-1	 1	 0
ʒˠ	-1	-1	-1	 1	-1	 1	 1	-1	-1	-1	-1	 1	-1	-1	-1	-1	-1	 1	-1	 1	 1	-1	 1	 1	-1	-1	 1	 0
